{"version":"1","pip_version":"25.0.1","install":[{"download_info":{"url":"https://files.pythonhosted.org/packages/84/c2/555d66812a4b34501bbfcc946e6e5a9cee6860ee3954a17b1a8c36b7a4a8/debugpy-1.8.13-cp38-cp38-manylinux_2_5_x86_64.manylinux1_x86_64.manylinux_2_17_x86_64.manylinux2014_x86_64.whl","archive_info":{"hash":"sha256=924464d87e7d905eb0d79fb70846558910e906d9ee309b60c4fe597a2e802590","hashes":{"sha256":"924464d87e7d905eb0d79fb70846558910e906d9ee309b60c4fe597a2e802590"}}},"is_direct":false,"is_yanked":false,"requested":true,"metadata":{"metadata_version":"2.1","name":"debugpy","version":"1.8.13","summary":"An implementation of the Debug Adapter Protocol for Python","description_content_type":"text/markdown","home_page":"https://aka.ms/debugpy","author":"Microsoft Corporation","author_email":"ptvshelp@microsoft.com","license":"MIT","license_file":["LICENSE"],"classifier":["Development Status :: 5 - Production/Stable","Programming Language :: Python :: 3.8","Programming Language :: Python :: 3.9","Programming Language :: Python :: 3.10","Programming Language :: Python :: 3.11","Programming Language :: Python :: 3.12","Topic :: Software Development :: Debuggers","Operating System :: Microsoft :: Windows","Operating System :: MacOS","Operating System :: POSIX","License :: OSI Approved :: MIT License"],"requires_python":">=3.8","project_url":["Source, https://github.com/microsoft/debugpy"],"description":"debugpy is an implementation of the Debug Adapter Protocol for Python.\n\nThe source code and the issue tracker is [hosted on GitHub](https://github.com/microsoft/debugpy/).\n"}}],"environment":{"implementation_name":"cpython","implementation_version":"3.8.18","os_name":"posix","platform_machine":"x86_64","platform_release":"6.8.0-1025-azure","platform_system":"Linux","platform_version":"#30~22.04.1-Ubuntu SMP Wed Mar 12 15:28:20 UTC 2025","python_full_version":"3.8.18","platform_python_implementation":"CPython","python_version":"3.8","sys_platform":"linux"}}
