{"python.EnableREPLSmartSend.description":"Переключение интеллектуальной отправки для REPL Python. Функция интеллектуальной отправки дает возможность отправлять наименьший пригодный для выполнения блок кода в REPL при нажатии клавиш SHIFT+ВВОД. При этом курсор перемещается соответствующим образом.","python.REPL.provideVariables.description":"Переключите, чтобы предоставить переменные для представления переменных REPL для собственного REPL.","python.REPL.sendToNativeREPL.description":"Переключить для отправки кода в Python REPL вместо терминала при выполнении. Включение этого параметра приведет к изменению поведения функции интеллектуальной отправки и выполнения выделения/строки в контекстном меню.","python.activeStateToolPath.description":"Путь к исполняемому файлу State Tool для сред выполнения ActiveState (версия 0.36+).","python.autoComplete.extraPaths.description":"Список путей к библиотекам и подобным ресурсам, которые необходимо импортировать с помощью подсистемы автозаполнения. Например, при использовании пакета SDK Google App пути не указаны в системном пути, поэтому их необходимо добавить в этот список.","python.command.python.analysis.restartLanguageServer.title":"Перезапустить языковой сервер","python.command.python.clearCacheAndReload.title":"Очистить кэш и перезагрузить окно","python.command.python.clearWorkspaceInterpreter.title":"Очистить параметр интерпретатора рабочей области","python.command.python.configureTests.title":"Настройка тестов","python.command.python.createEnvironment.title":"Создать среду...","python.command.python.createNewFile.title":"Новый файл Python","python.command.python.createTerminal.title":"Создать терминал","python.command.python.execInDedicatedTerminal.title":"Запустить файл Python на выделенном терминале","python.command.python.execInREPL.title":"Запуск выделения или строки в собственном Python REPL","python.command.python.execInTerminal.title":"Запустить файл Python в терминале","python.command.python.execInTerminalIcon.title":"Запуск файла Python","python.command.python.execSelectionInDjangoShell.title":"Запустить выделение или строку в оболочке Django","python.command.python.execSelectionInTerminal.title":"Запустить выделение или строку в терминале Python","python.command.python.installJupyter.title":"Установка расширения Jupyter","python.command.python.launchTensorBoard.title":"Запустить Tensorboard","python.command.python.refreshTensorBoard.title":"Обновить TensorBoard","python.command.python.reportIssue.title":"Сообщить о проблеме...","python.command.python.setInterpreter.title":"Выбор интерпретатора","python.command.python.startNativeREPL.title":"Запуск собственной REPL для REPL","python.command.python.startTerminalREPL.title":"Запуск REPL для терминала","python.command.python.viewLanguageServerOutput.title":"Показать выходные данные языкового сервера","python.command.python.viewOutput.title":"Показать выходные данные","python.command.testing.rerunFailedTests.title":"Повторить запуск неудачных тестов","python.condaPath.description":"Путь к исполняемому файлу Conda, используемому для активации (версия 4.4 и более поздние).","python.createEnvironment.contentButton.description":"Отображает или скрывает кнопку \"Создать среду\" в редакторе для файла \"requirements.txt\" и для других файлов зависимостей.","python.createEnvironment.trigger.description":"Определите, требуется ли создание среды для текущего проекта","python.debugger.deprecatedMessage":"Эта конфигурация скоро станет нерекомендуемой. Замените \"python\" на \"debugpy\", чтобы использовать новое расширение отладчика Python.","python.defaultInterpreterPath.description":"Путь к каталогу Python по умолчанию, используемый при первой загрузке расширения, больше не используется после выбора интерпретатора для рабочей области. Сведения о том, когда он используется, см. [здесь](https://aka.ms/AAfekmf).","python.editor.context.submenu.runPython":"Запустить Python","python.editor.context.submenu.runPythonInteractive":"Запустить в интерактивном окне","python.envFile.description":"Абсолютный путь к файлу, содержащему определения переменных среды.","python.experiments.All.description":"Объединенный список всех экспериментов.","python.experiments.enabled.description":"Включает эксперименты A/B-тестов в расширения Python. Если этот параметр включен, вас могут включить в предлагаемые улучшения и (или) функции.","python.experiments.optInto.description":"Список экспериментов, в которых следует участвовать. Если он пуст, пользователю назначаются группы экспериментов по умолчанию. Дополнительные сведения см. [здесь](https://github.com/microsoft/vscode-python/wiki/AB-Experiments).","python.experiments.optOutFrom.description":"Список экспериментов, от которые требуется отказаться. Если он пуст, пользователю назначаются группы экспериментов по умолчанию. Дополнительные сведения см. [здесь](https://github.com/microsoft/vscode-python/wiki/AB-Experiments).","python.experiments.pythonDiscoveryUsingWorkers.description":"Дает возможность использовать рабочие потоки для ресурсоемких вычислений при обнаружении интерпретаторов.","python.experiments.pythonPromptNewToolsExt.description":"Обозначает эксперимент Python Prompt New Tools Extension.","python.experiments.pythonRecommendTensorboardExt.description":"Обозначает эксперимент с рекомендациями по расширению Tensorboard.","python.experiments.pythonSurveyNotification.description":"Обозначает эксперимент с уведомлением опроса Python.","python.experiments.pythonTerminalEnvVarActivation.description":"Включает использование переменных сред для активации терминалов вместо отправки команд активации.","python.experiments.pythonTestAdapter.description":"Обозначает эксперимент адаптера теста Python.","python.globalModuleInstallation.description":"Следует ли устанавливать модули Python глобально, если среда не используется.","python.interpreter.infoVisibility.always.description":"Всегда отображать сведения.","python.interpreter.infoVisibility.description":"Управляет отображением сведений о выбранном интерпретаторе в строке состояния.","python.interpreter.infoVisibility.never.description":"Никогда не отображать сведения.","python.interpreter.infoVisibility.onPythonRelated.description":"Отображать сведения, только если открыты файлы, связанные с Python.","python.languageServer.defaultDescription":"Автоматический выбор языкового сервера: Pylance, если он установлен и доступен, в противном случае откат к Jedi.","python.languageServer.description":"Определяет тип языкового сервера.","python.languageServer.jediDescription":"Использование Jedi c протоколом LSP в качестве языкового сервера.","python.languageServer.noneDescription":"Отключение возможностей языкового сервера.","python.languageServer.pylanceDescription":"Использование Pylance в качестве языкового сервера.","python.locator.description":"[Экспериментальный параметр] Выберите реализацию локаторов окружения. Это экспериментальный параметр, используемый при проверке расположения собственной среды.","python.logging.level.deprecation":"Этот параметр устарел. Используйте команду \"Developer: Set Log Level...\" для задания уровня ведения журнала.","python.logging.level.description":"Уровень ведения журнала для журналов расширения, значение по умолчанию — \"error\"","python.menu.createNewFile.title":"Файл Python","python.missingPackage.severity.description":"Настройка уровня серьезности отсутствующих пакетов в requirements.txt или pyproject.toml","python.pipenvPath.description":"Путь к исполняемому файлу pipenv, используемому для активации.","python.pixiToolPath.description":"Путь к исполняемому файлу pixi.","python.poetryPath.description":"Путь к исполняемому файлу poetry.","python.tensorBoard.logDirectory.deprecationMessage":"Поддержка Tensorboard перемещена в расширение Tensorboard. Вместо этого используйте параметр tensorBoard.logDirectory.","python.tensorBoard.logDirectory.description":"Задайте в качестве этого параметра предпочитаемый каталог журнала TensorBoard для пропуск запроса каталога журнала при запуске TensorBoard.","python.tensorBoard.logDirectory.markdownDeprecationMessage":"Поддержка Tensorboard перенесена в расширение [Tensorboard](https://marketplace.visualstudio.com/items?itemName=ms-toolsai.tensorboard). Вместо этого используйте параметр tensorBoard.logDirectory.","python.terminal.activateEnvInCurrentTerminal.description":"Активация среды Python в текущем терминале при загрузке расширения.","python.terminal.activateEnvironment.description":"Активация среды Python во всех созданных терминалах.","python.terminal.executeInFileDir.description":"При выполнении файла в терминале следует ли делать это в каталоге файла, а не в текущей открытой папке.","python.terminal.focusAfterLaunch.description":"Следует ли переключить фокус курсора на терминал при запуске терминала Python.","python.terminal.launchArgs.description":"Аргументы запуска Python, которые будут использоваться при выполнении файла в терминале.","python.terminal.shellIntegration.enabled.description":"Включение [интеграции оболочки](https://code.visualstudio.com/docs/terminal/shell-integration) для терминалов, на которые запущен python. Интеграция с оболочкой расширяет возможности терминала, позволяя, помимо прочего, добавлять украшения для команд, запускать последние команды, улучшая доступность.","python.testing.autoTestDiscoverOnSaveEnabled.description":"Включите обнаружение автоматических тестов при сохранении файла теста.","python.testing.autoTestDiscoverOnSavePattern.description":"Шаблон GLOB-объекта, используемый для определения файлов, используемых autoTestDiscoverOnSaveEnabled.","python.testing.cwd.description":"Необязательный рабочий каталог для тестов.","python.testing.debugPort.description":"Номер порта, используемый для отладки тестов.","python.testing.promptToConfigure.description":"Запрос на настройку платформы тестирования при обнаружении потенциальных каталогов тестов.","python.testing.pytestArgs.description":"Аргументы переданы. Каждый аргумент является отдельным элементом в массиве.","python.testing.pytestEnabled.description":"Включить тестирование с помощью pytest.","python.testing.pytestPath.description":"Путь к pytest. Вы можете использовать настраиваемую версию pytest, изменив эту настройку и включив полный путь.","python.testing.unittestArgs.description":"Аргументы переданы. Каждый аргумент является отдельным элементом в массиве.","python.testing.unittestEnabled.description":"Включить тестирование с помощью unittest.","python.venvFolders.description":"Папки в домашнем каталоге для поиска виртуальных сред (по умолчанию поддерживают pyenv, direnv и virtualenvwrapper).","python.venvPath.description":"Путь к папке со списком виртуальных сред (например, ~/.pyenv, ~/Envs, ~/.virtualenvs).","walkthrough.pythonDataScienceWelcome.description":"Ваши первые шаги по началу работы с проектом по обработке и анализу данных Python!","walkthrough.pythonDataScienceWelcome.title":"Начало работы с Python для обработки и анализа данных","walkthrough.pythonWelcome.description":"Ваши первые шаги по настройке проекта Python с использованием всех мощных инструментов и функций, которые может предложить расширение Python!","walkthrough.pythonWelcome.title":"Начало работы с разработкой на Python","walkthrough.step.python.createEnvironment.altText":"Создание среды Python из палитры команд","walkthrough.step.python.createEnvironment.description":"Создайте среду для проекта Python или используйте [выбор интерпретатора Python](command:python.setInterpreter) для выбора существующей среды.\n[Создать среду](command:python.createEnvironment)\n**Совет**. Выполните команду \"Python: Create Environment\" в [палитре команд](command:workbench.action.showCommands).","walkthrough.step.python.createEnvironment.title":"Выбор или создание среды Python","walkthrough.step.python.createNewNotebook.altText":"Создание новой записной книжки Jupyter","walkthrough.step.python.createNewNotebook.description":"Щелкните правой кнопкой мыши в проводнике и создайте новый файл с расширением IPYNB. Или откройте [палитру команд](command:workbench.action.showCommands) и выполните команду \n\"Jupyter: Create New Blank Notebook\".\n[Создать новую записную книжку Jupyter Notebook](command:toSide:jupyter.createnewnotebook)\n Если у вас уже есть проект, вы также можете [открыть папку](command:workbench.action.files.openFolder) и (или) клонировать проект из GitHub: [клонировать репозиторий Git](command:toSide:git.clone).","walkthrough.step.python.createNewNotebook.title":"Создайте или откройте Jupyter Notebook.","walkthrough.step.python.createPythonFile.altText":"Открытие файла или папки Python с помощью проекта Python.","walkthrough.step.python.createPythonFile.description":"[Откройте](command:toSide:workbench.action.files.openFile) или [создайте](command:toSide:workbench.action.files.newUntitledFile?%7B%22languageId%22%3A%22python%22%7D) файл Python — обязательно сохраните его с расширением PY.\n[Создать файл Python](command:toSide:workbench.action.files.newUntitledFile?%7B%22languageId%22%3A%22python%22%7D)","walkthrough.step.python.createPythonFile.title":"Создание файла Python","walkthrough.step.python.createPythonFolder.description":"[Откройте](command:workbench.action.files.openFolder) или создайте папку проекта.\n[Открыть папку проекта](command:workbench.action.files.openFolder)","walkthrough.step.python.createPythonFolder.title":"Открыть папку проекта Python","walkthrough.step.python.dataScienceLearnMore.altText":"Изображение, представляющее нашу страницу документации и ресурсы списка рассылки.","walkthrough.step.python.dataScienceLearnMore.description":"📒 Ознакомьтесь с [ расширением Jupyter](command:workbench.extensions.search?\" ms-toolsai.jupyter\"), выполнив поиск Jupyter в [палитре команд](command:workbench.action.showCommands). \n 🏃🏻 Узнайте больше о функциях в наших [руководствах](https://aka.ms/AAdjzpd).  \n[Дополнительные сведения](https://aka.ms/AAdar6q)","walkthrough.step.python.dataScienceLearnMore.title":"Подробнее","walkthrough.step.python.installJupyterExt.altText":"Создание новой записной книжки Jupyter","walkthrough.step.python.installJupyterExt.description":"Если вы еще этого не сделали, установите [расширение Jupyter](command:workbench.extensions.search?\" ms-toolsai.jupyter\") для использования всех возможностей записных книжек в VS Code!\n \n[Поиск расширения Jupyter](command:workbench.extensions.search?\" ms-toolsai.jupyter\")","walkthrough.step.python.installJupyterExt.title":"Установка расширения Jupyter","walkthrough.step.python.installPythonLinux.description":"Для установки расширения Python требуется установить Python. Установите Python 3 с помощью терминала.\n[Установить Python с помощью терминала](command:python.installPythonOnLinux)\n","walkthrough.step.python.installPythonLinux.title":"Установка Python","walkthrough.step.python.installPythonMac.description":"Для установки расширения Python требуется установить Python. Установите Python 3 с помощью терминала.\n[Установить Python с помощью Brew](command:python.installPythonOnMac)\n","walkthrough.step.python.installPythonMac.title":"Установка Python","walkthrough.step.python.installPythonWin8.description":"Для установки расширения Python требуется установить Python. Установите Python [с python.org](https://www.python.org/downloads).\n\n[Установить Python](https://www.python.org/downloads)\n","walkthrough.step.python.installPythonWin8.title":"Установка Python","walkthrough.step.python.learnMoreWithDS.altText":"Изображение, представляющее нашу страницу документации и ресурсы списка рассылки.","walkthrough.step.python.learnMoreWithDS.description":"🎨 Просмотрите все функции, которые может предложить расширение Python, выполнив поиск \"Python\" на [палитре команд](command:workbench.action.showCommands). \n 📈 Узнайте больше о начале работы с [обработкой и анализом данных](command:workbench.action.openWalkthrough?%7B%22category%22%3A%22ms-python.python%23pythonDataScienceWelcome%22%2C%22step%22%3A%22ms-python.python%23python.createNewNotebook%22%7D) в Python. \n ✨ Просмотрите [заметки о выпуске](https://aka.ms/AA8dxtb), чтобы узнать о новейших функциях. \n \n[Просмотрите учебник по Python](https://aka.ms/AA8dqti)","walkthrough.step.python.learnMoreWithDS.title":"Продолжайте изучать.","walkthrough.step.python.openInteractiveWindow.altText":"Открытие интерактивного окна Python","walkthrough.step.python.openInteractiveWindow.description":"Интерактивное окно Python — это оболочка Python, в которой можно выполнять код Python и просматривать результаты его выполнения. Вы можете создавать ячейки в файле Python, введя \"#%%\".\n \nЧтобы в любое время открыть интерактивное окно, откройте [палитру команд] (command:workbench.action.showCommands) и выполните команду \n\"Jupyter: Create Interactive Window\".\n[Открыть интерактивное окно](command:jupyter.createnewinteractive)","walkthrough.step.python.openInteractiveWindow.title":"Открытие интерактивного окна Python","walkthrough.step.python.runAndDebug.altText":"Запуск и отладка в VS Code с помощью клавиши F5 или кнопки воспроизведения в правом верхнем углу.","walkthrough.step.python.runAndDebug.description":"Откройте файл Python и нажмите кнопку \"Воспроизвести\" в правом верхнем углу редактора или нажмите клавишу F5 при выборе файла и выберите \"Файл Python\", чтобы запустить отладчик. \n  \n[Дополнительные сведения](https://code.visualstudio.com/docs/python/python-tutorial#_run-hello-world)","walkthrough.step.python.runAndDebug.title":"Запуск и отладка файла Python","walkthrough.step.python.selectInterpreter.altText":"Выбор интерпретатора Python из строки состояния","walkthrough.step.python.selectInterpreter.title":"Выбор интерпретатора Python"}
