{"python.EnableREPLSmartSend.description":"Attiva/Disattiva Invio intelligente per Python REPL. Invio intelligente consente di inviare il blocco di codice più piccolo eseguibile a REPL in MAIUSC+INVIO e sposta il cursore di conseguenza.","python.REPL.provideVariables.description":"Attivare o disattivare per specificare le variabili per la visualizzazione delle variabili REPL per il REPL nativo.","python.REPL.sendToNativeREPL.description":"Attivare/Disattivare per inviare il codice a Python REPL anziché al terminale durante l'esecuzione. L'attivazione di questa opzione modificherà il comportamento sia per l'invio intelligente che per l'esecuzione della selezione/riga nel menu di scelta rapida.","python.activeStateToolPath.description":"Percorso dell'eseguibile State Tool per i runtime ActiveState (versione 0.36+).","python.autoComplete.extraPaths.description":"Elenco di percorsi alle librerie e simili che devono essere importati dal motore di completamento automatico. Ad esempio, quando si usa Google App SDK, i percorsi non si trovano nel percorso di sistema, quindi devono essere aggiunti a questo elenco.","python.command.python.analysis.restartLanguageServer.title":"Riavviare il server di linguaggio","python.command.python.clearCacheAndReload.title":"Cancella la cache e ricarica la finestra","python.command.python.clearWorkspaceInterpreter.title":"Cancellare l'impostazione dell'interprete dell'area di lavoro","python.command.python.configureTests.title":"Configurare i test","python.command.python.createEnvironment.title":"Creare ambiente...","python.command.python.createNewFile.title":"Nuovo file Python","python.command.python.createTerminal.title":"Creare terminale","python.command.python.execInDedicatedTerminal.title":"Esegui il file Python nel terminale dedicato","python.command.python.execInREPL.title":"Esegui selezione/riga in Native Python REPL","python.command.python.execInTerminal.title":"Eseguire file Python nel terminale","python.command.python.execInTerminalIcon.title":"Eseguire il file Python","python.command.python.execSelectionInDjangoShell.title":"Eseguire selezione/riga nella shell Django","python.command.python.execSelectionInTerminal.title":"Eseguire selezione/riga nel terminale Python","python.command.python.installJupyter.title":"Installare l'estensione Jupyter","python.command.python.launchTensorBoard.title":"Avviare Tensorboard","python.command.python.refreshTensorBoard.title":"Aggiornare TensorBoard","python.command.python.reportIssue.title":"Segnala problema...","python.command.python.setInterpreter.title":"Seleziona interprete","python.command.python.startNativeREPL.title":"Avvia REPL Python nativo","python.command.python.startTerminalREPL.title":"Avvia REPL terminale","python.command.python.viewLanguageServerOutput.title":"Mostrare output del server di linguaggio","python.command.python.viewOutput.title":"Mostrare output","python.command.testing.rerunFailedTests.title":"Ripetere i test non superati","python.condaPath.description":"Percorso dell'eseguibile conda da usare per l'attivazione (versione 4.4+).","python.createEnvironment.contentButton.description":"Mostrare o nascondere il pulsante Crea ambiente nell'editor per 'requirements.txt' o altri file di dipendenza.","python.createEnvironment.trigger.description":"Rilevare se la creazione dell'ambiente è necessaria per il progetto corrente","python.debugger.deprecatedMessage":"Questa configurazione sarà presto deprecata. Sostituire 'python' con 'debugpy' per usare la nuova estensione del debugger Python.","python.defaultInterpreterPath.description":"Percorso di Python predefinito da usare quando l'estensione viene caricata per la prima volta, non più usato dopo aver selezionato un interprete per l'area di lavoro. Vedere [qui](https://aka.ms/AAfekmf) per comprendere quando viene usato","python.editor.context.submenu.runPython":"Eseguire Python","python.editor.context.submenu.runPythonInteractive":"Eseguire in finestra interattiva","python.envFile.description":"Percorso assoluto di un file che contiene le definizioni delle variabili di ambiente.","python.experiments.All.description":"Elenco combinato di tutti gli esperimenti.","python.experiments.enabled.description":"Abilita gli esperimenti di test A/B nell'estensione Python. Se abilitata, è possibile che l'utente venga incluso nei miglioramenti e/o nelle funzionalità proposte.","python.experiments.optInto.description":"Elenco di esperimenti a cui acconsentire esplicitamente. Se vuoto, all'utente vengono assegnati i gruppi di esperimenti predefiniti. Per informazioni dettagliate, [vedere](https://github.com/microsoft/vscode-python/wiki/AB-Experiments).","python.experiments.optOutFrom.description":"Elenco di esperimenti di cui rifiutare esplicitamente l'uso. Se vuoto, all'utente vengono assegnati i gruppi di esperimenti predefiniti. Per informazioni dettagliate, [vedere](https://github.com/microsoft/vscode-python/wiki/AB-Experiments).","python.experiments.pythonDiscoveryUsingWorkers.description":"Consente l'uso di thread di lavoro per eseguire un calcolo elevato durante l'individuazione degli interpreti.","python.experiments.pythonPromptNewToolsExt.description":"Indica l'esperimento Python Prompt New Tools Extension.","python.experiments.pythonRecommendTensorboardExt.description":"Indica l'esperimento di raccomandazione dell'estensione Tensorboard.","python.experiments.pythonSurveyNotification.description":"Indica l'esperimento Python Survey Notification.","python.experiments.pythonTerminalEnvVarActivation.description":"Consente l’uso di variabili d'ambiente per attivare i terminali anziché inviare comandi di attivazione.","python.experiments.pythonTestAdapter.description":"Indica l'esperimento dell'adattatore di test Python.","python.globalModuleInstallation.description":"Indica se installare i moduli Python a livello globale quando non si usa un ambiente.","python.interpreter.infoVisibility.always.description":"Visualizza sempre le informazioni.","python.interpreter.infoVisibility.description":"Controlla quando visualizzare le informazioni dell'interprete selezionato nella barra di stato.","python.interpreter.infoVisibility.never.description":"Non visualizzare mai le informazioni.","python.interpreter.infoVisibility.onPythonRelated.description":"Visualizza informazioni solo se vengono aperti file correlati a Python.","python.languageServer.defaultDescription":"Seleziona automaticamente un server di lingua: Pylance se installato e disponibile; in caso contrario, eseguire il fallback a Jedi.","python.languageServer.description":"Definisce il tipo del server di linguaggio.","python.languageServer.jediDescription":"Usare Jedi dietro Il protocollo LSP (Language Server Protocol) come server di linguaggio.","python.languageServer.noneDescription":"Disabilita le funzionalità del server di linguaggio.","python.languageServer.pylanceDescription":"Usare Pylance come server di linguaggio.","python.locator.description":"[Sperimentale] Selezionare l'implementazione dei localizzatori dell'ambiente. Questa è un'impostazione sperimentale durante il test del percorso dell'ambiente nativo.","python.logging.level.deprecation":"Questa impostazione è deprecata. Usare il comando 'Developer: Set Log Level...' per impostare il livello di registrazione.","python.logging.level.description":"Livello di registrazione a cui l'estensione registra, per impostazione predefinita 'error'","python.menu.createNewFile.title":"File Python","python.missingPackage.severity.description":"Imposta la gravità dei pacchetti mancanti in requirements.txt o pyproject.toml","python.pipenvPath.description":"Percorso del file eseguibile pipenv da usare per l'attivazione.","python.pixiToolPath.description":"Percorso dell'eseguibile pixi.","python.poetryPath.description":"Percorso dell'eseguibile anomalo.","python.tensorBoard.logDirectory.deprecationMessage":"Il supporto di Tensorboard è stato spostato nell'estensione Tensorboard dell'estensione. Usa invece l'impostazione \"tensorBoard.logDirectory\".","python.tensorBoard.logDirectory.description":"Impostare questa impostazione sulla directory di log di TensorBoard preferita per ignorare la richiesta della directory di log all'avvio di TensorBoard.","python.tensorBoard.logDirectory.markdownDeprecationMessage":"Il supporto di Tensorboard è stato spostato nell'estensione [estensione Tensorboard](https://marketplace.visualstudio.com/items?itemName=ms-toolsai.tensorboard). Usa invece l'impostazione \"tensorBoard.logDirectory\".","python.terminal.activateEnvInCurrentTerminal.description":"Attiva l'ambiente Python nel terminale corrente al caricamento dell'estensione.","python.terminal.activateEnvironment.description":"Attivare l'ambiente Python in tutti i terminali creati.","python.terminal.executeInFileDir.description":"Quando si esegue un file nel terminale, se usare eseguirlo nella directory del file anziché nella cartella aperta corrente.","python.terminal.focusAfterLaunch.description":"Quando si avvia un terminale Python, indica se spostare il cursore sul terminale.","python.terminal.launchArgs.description":"Argomenti di avvio Python da usare durante l'esecuzione di un file nel terminale.","python.terminal.shellIntegration.enabled.description":"Abilitare [integrazione della shell](https://code.visualstudio.com/docs/terminal/shell-integration) per i terminali che eseguono Python. L'integrazione della shell migliora l'esperienza del terminale abilitando le decorazioni dei comandi, eseguendo comandi recenti, migliorando l'accessibilità, tra le altre cose.","python.testing.autoTestDiscoverOnSaveEnabled.description":"Abilitare l'individuazione dei test di esecuzione automatica quando si salva un file di test.","python.testing.autoTestDiscoverOnSavePattern.description":"Criterio GLOB usato per determinare quali file vengono usati da autoTestDiscoverOnSaveEnabled.","python.testing.cwd.description":"Directory di lavoro facoltativa per i test.","python.testing.debugPort.description":"Numero di porta utilizzato per il debug dei test.","python.testing.promptToConfigure.description":"Richiedi di configurare un framework di test se vengono individuate directory di test potenziali.","python.testing.pytestArgs.description":"Argomenti passati. Ogni argomento è un elemento separato nella matrice.","python.testing.pytestEnabled.description":"Abilitare il test con pytest.","python.testing.pytestPath.description":"Percorso di pytest. È possibile usare una versione personalizzata di pytest modificando questa impostazione in modo da includere il percorso completo.","python.testing.unittestArgs.description":"Argomenti passati. Ogni argomento è un elemento separato nella matrice.","python.testing.unittestEnabled.description":"Abilita il test usando unittest.","python.venvFolders.description":"Cartelle nella home directory da cercare per gli ambienti virtuali (supporta pyenv, direnv e virtualenvwrapper per impostazione predefinita).","python.venvPath.description":"Percorso della cartella con un elenco di ambienti virtuali, ad esempio ~/.pyenv, ~/Envs, ~/.virtualenvs.","walkthrough.pythonDataScienceWelcome.description":"I primi passaggi per iniziare a usare un progetto Data Science con Python.","walkthrough.pythonDataScienceWelcome.title":"Introduzione a Python per Data Science","walkthrough.pythonWelcome.description":"Primi passaggi per la configurazione di un progetto Python usando i potenti strumenti e le funzionalità che offre l'estensione Python.","walkthrough.pythonWelcome.title":"Introduzione allo sviluppo Python","walkthrough.step.python.createEnvironment.altText":"Creazione di un ambiente Python dal riquadro comandi","walkthrough.step.python.createEnvironment.description":"Creare un ambiente per il progetto Python o usare [selezionare l'interprete Python](command:python.setInterpreter) per selezionare un ambiente esistente.\n[Creare ambiente](command:python.createEnvironment)\n**Suggerimento**: eseguire il comando ''Python: crea ambiente'' nel [riquadro comandi](command:workbench.action.showCommands).","walkthrough.step.python.createEnvironment.title":"Selezionare o creare un ambiente Python","walkthrough.step.python.createNewNotebook.altText":"Creazione di un nuovo notebook su Jupyter","walkthrough.step.python.createNewNotebook.description":"Fare clic con il pulsante destro del mouse in Esplora file e creare un nuovo file con estensione ipynb. In alternativa, aprire il [Command Palette](command:workbench.action.showCommands) ed eseguire il comando \n''Crea: nuovo Blank Notebook''.\n[Crea nuovo Jupyter Notebook](command:toSide:jupyter.createnewnotebook)\n Se si dispone di un progetto esistente, è anche possibile [open a folder](command:workbench.action.files.openFolder) e/o clonare un progetto da GitHub: [clone a Git repository](command:git.clone).","walkthrough.step.python.createNewNotebook.title":"Creare o aprire un Jupyter Notebook","walkthrough.step.python.createPythonFile.altText":"Aprire un file Python o una cartella con un progetto Python.","walkthrough.step.python.createPythonFile.description":"[Apri](command:toSide:workbench.action.files.openFile) o [crea](command:toSide:workbench.action.files.newUntitledFile?%7B%22languageId%22%3A%22python%22%7D) un file Python. Assicurarsi di salvarlo come \".py\".\n [Crea file Python](command:toSide:workbench.action.files.newUntitledFile?%7B%22languageId%22%3A%22python%22%7D)","walkthrough.step.python.createPythonFile.title":"Creare un file Python","walkthrough.step.python.createPythonFolder.description":"[Apri](command:workbench.action.files.openFolder) o crea una cartella di progetto.\n [Apri cartella progetto](command:workbench.action.files.openFolder)","walkthrough.step.python.createPythonFolder.title":"Aprire una cartella di progetto Python","walkthrough.step.python.dataScienceLearnMore.altText":"Immagine che rappresenta le risorse della pagina di documentazione e della lista di distribuzione.","walkthrough.step.python.dataScienceLearnMore.description":"📒 Esaminare l'[estensione Jupyter](command:workbench.extensions.search?\" ms-toolsai.jupyter\") cercando \"Jupyter\" nel [riquadro comandi](command:workbench.action.showCommands). \n 🏃🏻 Scopri altre funzionalità nelle nostre [esercitazioni](https://aka.ms/AAdjzpd).  \n[Altre informazioni](https://aka.ms/AAdar6q)","walkthrough.step.python.dataScienceLearnMore.title":"Altre informazioni","walkthrough.step.python.installJupyterExt.altText":"Creazione di un nuovo notebook su Jupyter","walkthrough.step.python.installJupyterExt.description":"Se non è già stato fatto, installare l’[eszxtensione Jupyter](command:workbench.extensions.search?\" ms-toolsai.jupyter\") per sfruttare al meglio le esperienze dei notebook in VS Code!\n \n[Cerca estensione Jupyter](command:workbench.extensions.search?\" ms-toolsai.jupyter\")","walkthrough.step.python.installJupyterExt.title":"Installare l'estensione Jupyter","walkthrough.step.python.installPythonLinux.description":"L'estensione Python richiede l'installazione di Python. Installare Python 3 tramite il terminale.\n[Installare Python via terminale](command:python.installPythonOnLinux)\n","walkthrough.step.python.installPythonLinux.title":"Installare Python","walkthrough.step.python.installPythonMac.description":"L'estensione Python richiede l'installazione di Python. Installare Python 3 tramite il terminale.\n[Installare Python via Brew](command:python.installPythonOnMac)\n","walkthrough.step.python.installPythonMac.title":"Installare Python","walkthrough.step.python.installPythonWin8.description":"L'estensione Python richiede l'installazione di Python. Installare Python [from python.org](https://www.python.org/downloads).\n\n[Installare Python](https://www.python.org/downloads)\n","walkthrough.step.python.installPythonWin8.title":"Installare Python","walkthrough.step.python.learnMoreWithDS.altText":"Immagine che rappresenta le risorse della pagina di documentazione e della lista di distribuzione.","walkthrough.step.python.learnMoreWithDS.description":"🎨 Esplorare tutte le funzionalità offerte dall'estensione Python cercando \"Python\" nel [riquadro comandi](command:workbench.action.showCommands). \n 📈 Altre informazioni su come iniziare a usare [data science](command:workbench.action.openWalkthrough?%7B%22category%22%3A%22ms-python.python%23pythonDataScienceWelcome%22%2C%22step%22%3A%22ms-python.python%23python.createNewNotebook%22%7D) in Python. \n ✨ Dare un'occhiata alle [note sulla versione](https://aka.ms/AA8dxtb) per altre informazioni sulle funzionalità più recenti. \n \n[Segui l'esercitazione su Python](https://aka.ms/AA8dqti)","walkthrough.step.python.learnMoreWithDS.title":"L'esplorazione continua!","walkthrough.step.python.openInteractiveWindow.altText":"Apertura della finestra interattiva di Python","walkthrough.step.python.openInteractiveWindow.description":"La finestra interattiva di Python è una shell Python in cui è possibile eseguire e visualizzare i risultati del codice Python. È possibile creare celle in un file Python digitando ''#%%''.\n \nPer aprire la finestra interattiva in qualsiasi momento, aprire il [riquadro comandi](command:workbench.action.showCommands) ed eseguire il comando \n''Jupyter: Crea finestra interattiva''.\n[Apri finestra interattiva](command:jupyter.createnewinteractive)","walkthrough.step.python.openInteractiveWindow.title":"Aprire la finestra interattiva Python","walkthrough.step.python.runAndDebug.altText":"Come eseguire ed eseguire il debug in VS Code con F5 o il pulsante Riproduci in alto a destra.","walkthrough.step.python.runAndDebug.description":"Aprire il file Python e fare clic sul pulsante Riproduci nell'angolo superiore destro dell'editor oppure premere F5 nel file e selezionare \"File Python\" per l'esecuzione con il debugger. \n  \n[Altre informazioni](https://code.visualstudio.com/docs/python/python-tutorial#_run-hello-world)","walkthrough.step.python.runAndDebug.title":"Esegui con debug il file Python","walkthrough.step.python.selectInterpreter.altText":"Selezione di un interprete Python dalla barra di stato","walkthrough.step.python.selectInterpreter.title":"Selezionare un interprete Python."}
