{"python.EnableREPLSmartSend.description":"Python REPL için Akıllı Göndermeyi açın/kapatın. Akıllı Gönderme, Shift+Enter tuşlarına basıldığında en küçük çalıştırılabilir kod blokunu REPL’ye göndermeye olanak tanır ve imleci uygun şekilde hareket ettirir.","python.REPL.provideVariables.description":"Yerel REPL için REPL değişken görünümüne değişkenler sağlamak üzere geçiş yapın.","python.REPL.sendToNativeREPL.description":"Yürütme sırasında terminal yerine Python REPL'ye kod göndermek için geçiş yapın. Bu seçeneğin açılması, Bağlam Menüsünde hem Akıllı Gönderme hem de Çalıştırma Seçimi/Satırı davranışını değiştirir.","python.activeStateToolPath.description":"ActiveState çalışma zamanları için yürütülebilir Durum Aracına giden yol (sürüm 0.36+).","python.autoComplete.extraPaths.description":"Kitaplıkların ve otomatik tamamlama altyapısı tarafından içeri aktarılmaları gereken benzer yolların listesi. Örneğin, Google App SDK'sını kullanırken yollar sistem yolunda olmadığından bu listeye ekli olmaları gerekir.","python.command.python.analysis.restartLanguageServer.title":"Dil Sunucusunu Yeniden Başlat","python.command.python.clearCacheAndReload.title":"Önbelleği Temizleme ve Pencereyi Yeniden Yükleme","python.command.python.clearWorkspaceInterpreter.title":"Çalışma Alanı Yorumlayıcısı Ayarını Temizle","python.command.python.configureTests.title":"Testleri yapılandır","python.command.python.createEnvironment.title":"Ortam Oluşturun...","python.command.python.createNewFile.title":"Yeni Python Dosyası","python.command.python.createTerminal.title":"Terminal Oluştur","python.command.python.execInDedicatedTerminal.title":"Python Dosyasını Ayrılmış Terminalde Çalıştırma","python.command.python.execInREPL.title":"Seçimi veya Satırı Yerel Python REPL’de Çalıştır","python.command.python.execInTerminal.title":"Python Dosyasını Terminal'de Çalıştır","python.command.python.execInTerminalIcon.title":"Python Dosyasını Çalıştır","python.command.python.execSelectionInDjangoShell.title":"Django Kabuğunda Seçimi/Satırı Çalıştır","python.command.python.execSelectionInTerminal.title":"Seçimi/Satırı Python Terminali'nde Çalıştır","python.command.python.installJupyter.title":"Jupyter uzantısını Yükleme","python.command.python.launchTensorBoard.title":"TensorBoard’u başlat","python.command.python.refreshTensorBoard.title":"TensorBoard'u Yenile","python.command.python.reportIssue.title":"Sorun Bildir...","python.command.python.setInterpreter.title":"Yorumlayıcı Seç","python.command.python.startNativeREPL.title":"Yerel Python REPL’sini başlat","python.command.python.startTerminalREPL.title":"Terminal REPL’sini Başlat","python.command.python.viewLanguageServerOutput.title":"Dil Sunucusu Çıktısını Göster","python.command.python.viewOutput.title":"Çıktıyı Göster","python.command.testing.rerunFailedTests.title":"Başarısız Testleri Yeniden Çalıştır","python.condaPath.description":"Etkinleştirme için kullanılacak conda yürütülebilir dosyasının yolu (sürüm 4.4+).","python.createEnvironment.contentButton.description":"'requirements.txt' veya diğer bağımlılık dosyaları için düzenleyicide Ortam Oluştur düğmesini gösterin veya gizleyin.","python.createEnvironment.trigger.description":"Geçerli proje için ortam oluşturmanın gerekli olup olmadığını algıla","python.debugger.deprecatedMessage":"Bu yapılandırma yakında kullanımdan kaldırılacak. Yeni Python Hata Ayıklayıcısı uzantısını kullanmak için `python` ifadesini `debugpy` ile değiştirin.","python.defaultInterpreterPath.description":"Uzantı ilk kez yüklenirken kullanılacak varsayılan Python yolu, çalışma alanı için bir yorumlayıcı seçildiğinde artık kullanılmaz. Bunun ne zaman kullanıldığını anlamak için [buraya](https://aka.ms/AAfekmf) bakın","python.editor.context.submenu.runPython":"Python'u Çalıştır","python.editor.context.submenu.runPythonInteractive":"Python Etkileşimli Penceresi","python.envFile.description":"Ortam değişkeni tanımlarını içeren bir dosyanın mutlak yolu.","python.experiments.All.description":"Tüm deneylerin birleşik listesi.","python.experiments.enabled.description":"Python uzantısında A/B test denemelerini etkinleştirir. Etkin olduğunda, önerilen geliştirmelere ve/veya özelliklere dahil edilebilirsiniz.","python.experiments.optInto.description":"Kabul edilecek denemeler listesi. Bu liste boşsa kullanıcıya varsayılan deneme grupları atanır. Ayrıntılar için [buraya](https://github.com/microsoft/vscode-python/wiki/AB-Experiments) göz atın.","python.experiments.optOutFrom.description":"Geri çevrilecek denemeler listesi. Bu liste boşsa kullanıcıya varsayılan deneme grupları atanır. Ayrıntılar için [buraya](https://github.com/microsoft/vscode-python/wiki/AB-Experiments) göz atın.","python.experiments.pythonDiscoveryUsingWorkers.description":"Yorumlayıcıları keşfederken yoğun hesaplama yapmak için çalışan iş parçacıklarının kullanılmasına olanak tanır.","python.experiments.pythonPromptNewToolsExt.description":"Python İstemi Yeni Araçlar Uzantısı denemesini belirtir.","python.experiments.pythonRecommendTensorboardExt.description":"Tensorboard Uzantısı öneri denemesini ifade eder.","python.experiments.pythonSurveyNotification.description":"Python Anket Bildirimi deneyini belirtir.","python.experiments.pythonTerminalEnvVarActivation.description":"Terminalleri etkinleştirmek için etkinleştirme komutları göndermek yerine ortam değişkenlerinin kullanılmasını sağlar.","python.experiments.pythonTestAdapter.description":"Python Test Bağdaştırıcısı denemesini gösterir.","python.globalModuleInstallation.description":"Bir ortam kullanmıyorken Python modüllerinin genel ortamda yüklenip yüklenmeyeceğini belirtir.","python.interpreter.infoVisibility.always.description":"Bilgileri her zaman görüntüle.","python.interpreter.infoVisibility.description":"Seçili yorumlayıcının bilgilerinin ne zaman durum çubuğunda görüntüleneceğini denetler.","python.interpreter.infoVisibility.never.description":"Hiçbir zaman bilgi görüntüleme.","python.interpreter.infoVisibility.onPythonRelated.description":"Bilgileri yalnızca Python ile ilgili dosyalar açılırsa görüntüleyin.","python.languageServer.defaultDescription":"Otomatik olarak bir dil sunucusu seç: Yüklü ve kullanılabilirse Pylance, aksi takdirde Jedi'a geri dön.","python.languageServer.description":"Dil sunucusunun türünü belirtir.","python.languageServer.jediDescription":"Jedi'ı Dil Sunucusu Protokolü’nün (LSP) arkasında dil sunucusu olarak kullanın.","python.languageServer.noneDescription":"Dil sunucusu özelliklerini devre dışı bırak.","python.languageServer.pylanceDescription":"Dil sunucusu olarak Pylance kullanın.","python.locator.description":"[Deneysel] Ortam bulucuların uygulanmasını seçin. Bu, yerel ortam konumu test edilirken kullanılan deneysel ayardır.","python.logging.level.deprecation":"Bu ayar kullanım dışıdır. Günlük düzeyini ayarlamak için lütfen 'Geliştirici: Günlük Düzeyini Ayarla...' komutunu kullanın.","python.logging.level.description":"Uzantının günlük kaydı düzeyi, varsayılan olarak 'error' değeri alınır","python.menu.createNewFile.title":"Python Dosyası","python.missingPackage.severity.description":"Requirements.txt veya pyproject.toml dosyasında eksik paketlerin önem derecesini ayarlayın","python.pipenvPath.description":"Etkinleştirme için kullanılacak pipenv yürütülebilir dosyasının yolu.","python.pixiToolPath.description":"Pixi yürütülebilir dosyasının yolu.","python.poetryPath.description":"Poetry yürütülebilir dosyasının yolu.","python.tensorBoard.logDirectory.deprecationMessage":"Tensorboard desteği, Tensorboard uzantısına taşındı. Bunun yerine, 'tensorBoard.logDirectory' ayarını kullanın.","python.tensorBoard.logDirectory.description":"TensorBoard başlatılırken günlük dizini istemini atlamak için bu ayarı tercih ettiğiniz TensorBoard günlük dizinine ayarlayın.","python.tensorBoard.logDirectory.markdownDeprecationMessage":"Tensorboard desteği, [Tensorboard uzantısı](https://marketplace.visualstudio.com/items?itemName=ms-toolsai.tensorboard) uzantısına taşındı. Bunun yerine, 'tensorBoard.logDirectory' ayarını kullanın.","python.terminal.activateEnvInCurrentTerminal.description":"Uzantı yüklenirken geçerli Terminal'de Python Ortamını etkinleştirin.","python.terminal.activateEnvironment.description":"Oluşturulan tüm Terminaller'de Python Ortamını etkinleştirin.","python.terminal.executeInFileDir.description":"Terminalde bir dosya yürütülürken, bu dosyanın geçerli açık klasör yerine kendi dizininde yürütülüp yürütülmeyeceğini belirtir.","python.terminal.focusAfterLaunch.description":"Python terminali başlatılırken imlecin terminale odaklanılıp odaklanmayacağını belirtir.","python.terminal.launchArgs.description":"Terminalde bir dosya yürütülürken kullanılacak Python başlatma bağımsız değişkenleri.","python.terminal.shellIntegration.enabled.description":"Python çalıştıran terminaller için [kabuk tümleştirmesini](https://code.visualstudio.com/docs/terminal/shell-integration) etkinleştirin. Kabuk tümleştirmesi komut süslemelerini etkinleştirerek, son komutu çalıştırarak ve diğer şeylerin yanı sıra erişilebilirliği geliştirerek terminal deneyimini geliştirir.","python.testing.autoTestDiscoverOnSaveEnabled.description":"Test dosyasını kaydederken test bulmayı otomatik çalıştırmayı etkinleştirin.","python.testing.autoTestDiscoverOnSavePattern.description":"autoTestDiscoverOnSaveEnabled tarafından kullanılan dosyaları belirlemek için kullanılan glob deseni.","python.testing.cwd.description":"Testler için isteğe bağlı çalışma dizini.","python.testing.debugPort.description":"Testlerde hata ayıklama için kullanılan bağlantı noktası numarası.","python.testing.promptToConfigure.description":"Olası test dizinleri keşfedilirse test çerçevesi yapılandırması için sor.","python.testing.pytestArgs.description":"Bağımsız değişkenler geçirildi. Her bağımsız değişken dizideki ayrı bir öğedir.","python.testing.pytestEnabled.description":"Pytest kullanarak test etmeyi etkinleştirin.","python.testing.pytestPath.description":"pytest yolu. Bu ayarı tam yolu içerecek şekilde değiştirerek özel bir pytest sürümünü kullanabilirsiniz.","python.testing.unittestArgs.description":"Bağımsız değişkenler geçirildi. Her bağımsız değişken dizideki ayrı bir öğedir.","python.testing.unittestEnabled.description":"Unittest kullanarak test etmeyi etkinleştirin.","python.venvFolders.description":"Giriş dizininizde sanal ortamlar için aranacak klasörler (varsayılan olarak pyenv, direnv ve virtualenvwrapper'ı destekler).","python.venvPath.description":"Sanal Ortamlar listesini içeren klasörün yolu (ör. ~/.pyenv, ~/Envs, ~/.virtualenvs).","walkthrough.pythonDataScienceWelcome.description":"Python ile Veri Bilimi projesine başlamak için ilk adımlarınız!","walkthrough.pythonDataScienceWelcome.title":"Veri Bilimi için Python Kullanmaya Başlama","walkthrough.pythonWelcome.description":"Python uzantısının sunduğu tüm güçlü araçlar ve özelliklerle bir Python projesi ayarlamak için ilk adımlarınız!","walkthrough.pythonWelcome.title":"Python Geliştirme Kullanmaya Başlama","walkthrough.step.python.createEnvironment.altText":"Komut Paleti'den Python ortamı oluşturuluyor","walkthrough.step.python.createEnvironment.description":"Python projeniz için bir ortam oluşturun veya mevcut bir [Select Python Interpreter] seçmek için [Select Python Interpreter](command:python.setInterpreter) kullanın.\n[Create Environment](command:python.createEnvironment)\n**İpucu**: [Command Palette](command:workbench.action.showCommands) içinde ''Python: Create Environment'' komutunu çalıştırın.","walkthrough.step.python.createEnvironment.title":"Python ortamı seçin veya oluşturun","walkthrough.step.python.createNewNotebook.altText":"Yeni Jupyter notebook oluşturuluyor","walkthrough.step.python.createNewNotebook.description":"Dosya gezginine sağ tıklayıp .ipynb uzantılı yeni bir dosya oluşturun veya [Komut Paleti] (command:workbench.action.showCommands) öğesini açıp \n``Jupyter: Create New Blank Notebook`` komutunu çalıştırın.\n[Yeni Jupyter Not Defteri](command:toSide:jupyter.createnewnotebook)\n Mevcut bir projeniz varsa, ayrıca [klasör aç](command:workbench.action.files.openFolder) komutuyla bir klasör açabilir ve/veya GitHub'dan [Git deposunu klonla](command:git.clone) komutuyla bir proje klonlayabilirsiniz.","walkthrough.step.python.createNewNotebook.title":"Bir Jupyter Notebook oluşturun veya açın","walkthrough.step.python.createPythonFile.altText":"Python dosyası veya Python projesi içeren bir klasör açın.","walkthrough.step.python.createPythonFile.description":"Python dosyası [aç](command:toSide:workbench.action.files.openFile) veya [oluştur](command:toSide:workbench.action.files.newUntitledFile?%7B%22languageId%22%3A%22python%22%7D) - \".py\" olarak kaydetmeyi unutmayın.\n[Python Dosyası Oluştur](command:toSide:workbench.action.files.newUntitledFile?%7B%22languageId%22%3A%22python%22%7D)","walkthrough.step.python.createPythonFile.title":"Python dosyası oluşturma","walkthrough.step.python.createPythonFolder.description":"[Open](command:workbench.action.files.openFolder) veya bir proje klasörü oluşturun.\n[Open Project Folder](command:workbench.action.files.openFolder)","walkthrough.step.python.createPythonFolder.title":"Python proje klasörü açın","walkthrough.step.python.dataScienceLearnMore.altText":"Dokümantasyon sayfamızı ve posta listesi kaynaklarımızı temsil eden resim.","walkthrough.step.python.dataScienceLearnMore.description":"📒 [Komut Paleti](command:workbench.extensions.search?\"ms-toolsai.jupyter\") öğesini arayarak  [Jupyter uzantısı](command:workbench.extensions.search?\"ms-toolsai.jupyter\") özelliklerine göz atın. \n 🏃🏻 Diğer özellikler için [Öğreticiler](https://aka.ms/AAdjzpd) belgemize bakın.  \n[Daha fazla bilgi edinin](https://aka.ms/AAdar6q)","walkthrough.step.python.dataScienceLearnMore.title":"Daha fazlasını bulma!","walkthrough.step.python.installJupyterExt.altText":"Yeni Jupyter notebook oluşturuluyor","walkthrough.step.python.installJupyterExt.description":"Henüz yapmadıysanız [Jupyter uzantısını](command:workbench.extensions.search?\"ms-toolsai.jupyter\") yükleyerek VS Code içinde not defterleri deneyiminden eksiksiz bir şekilde yararlanın!\n \n[Jupyter uzantısını ara](command:workbench.extensions.search?\" ms-toolsai.jupyter\")","walkthrough.step.python.installJupyterExt.title":"Jupyter uzantısını yükleme","walkthrough.step.python.installPythonLinux.description":"Python Uzantısı, Python'ın yüklü olmasını gerektirir. Terminal aracılığıyla Python 3'ü yükleyin.\n[Terminal aracılığıyla Python yükle](command:python.installPythonOnLinux)\n","walkthrough.step.python.installPythonLinux.title":"Python’ı yükleme","walkthrough.step.python.installPythonMac.description":"Python Uzantısı, Python'ın yüklü olmasını gerektirir. Brew aracılığıyla Python 3'ü yükleyin.\n[Brew aracılığıyla Python yükle](command:python.installPythonOnMac)\n","walkthrough.step.python.installPythonMac.title":"Python’ı yükleme","walkthrough.step.python.installPythonWin8.description":"Python Uzantısı, Python'ın yüklü olmasını gerektirir. Python’u [python.org](https://www.python.org/downloads) adresinden yükleyin.\n\n[Python’ı Yükle](https://www.python.org/downloads)\n","walkthrough.step.python.installPythonWin8.title":"Python’ı yükleme","walkthrough.step.python.learnMoreWithDS.altText":"Dokümantasyon sayfamızı ve posta listesi kaynaklarımızı temsil eden resim.","walkthrough.step.python.learnMoreWithDS.description":"🎨 [Komut Paleti](command:workbench.action.showCommands) altında \"Python\" öğesini arayarak Python uzantısının sunduğu tüm özellikleri keşfedin. \n 📈 Python’da [veri bilimi](command:workbench.action.openWalkthrough?%7B%22category%22%3A%22ms-python.python%23pythonDataScienceWelcome%22%2C%22step%22%3A%22ms-python.python%23python.createNewNotebook%22%7D) özelliğini kullanmaya başlama hakkında daha fazla bilgi edinin. \n ✨ En son özellikler hakkında daha fazla bilgi edinmek için [Sürüm Notları](https://aka.ms/AA8dxtb) belgelerimize göz atın. \n \n[Python Öğreticisini izleyin](https://aka.ms/AA8dqti)","walkthrough.step.python.learnMoreWithDS.title":"Keşfetmeye devam edin!","walkthrough.step.python.openInteractiveWindow.altText":"Python etkileşimli penceresi açma","walkthrough.step.python.openInteractiveWindow.description":"Python Etkileşimli Penceresi, Python kodunuzun sonuçlarını yürütüp görüntüleyebileceğiniz bir Python kabuğudur. Python dosyasında ``#%%`` yazarak hücre oluşturabilirsiniz.\n \nEtkileşimli pencereyi istediğiniz zaman açmak için [Komut Paleti](command:workbench.action.showCommands) öğesini açıp \n``Jupyter: Create Interactive Window`` komutunu çalıştırın. \n[Etkileşimli Penceresini Aç](command:jupyter.createnewinteractive)","walkthrough.step.python.openInteractiveWindow.title":"Python Etkileşimli Penceresini Açma","walkthrough.step.python.runAndDebug.altText":"F5 kullanarak veya sağ üstteki yürüt düğmesiyle VS Code çalıştırma ve hata ayıklama.","walkthrough.step.python.runAndDebug.description":"Python dosyanızı açıp düzenleyicinin sağ üst kısmındaki yürüt düğmesine tıklayın veya  hata ayıklayıcısıyla çalıştırmak için dosya üzerinde F5 tuşuna basıp \"Python Dosyası\" seçeneğini belirleyin. \n\n[Daha fazla bilgi edinin](https://code.visualstudio.com/docs/python/python-tutorial#_run-hello-world)","walkthrough.step.python.runAndDebug.title":"Python dosyanızı çalıştırma ve hata ayıklama","walkthrough.step.python.selectInterpreter.altText":"Durum çubuğundan bir Python yorumlayıcısı seçme","walkthrough.step.python.selectInterpreter.title":"Python Yorumlayıcısı seçme"}
