{"python.EnableREPLSmartSend.description":"Přepněte inteligentní odesílání pro Python REPL. Inteligentní odesílání umožňuje odeslání nejmenšího spustitelného bloku kódu do REPL na Shift+Enter a odpovídajícím způsobem přesune kurzor.","python.REPL.provideVariables.description":"Přepínač pro zadání proměnných pro zobrazení proměnných REPL pro nativní REPL","python.REPL.sendToNativeREPL.description":"Přepnutím odešlete kód do Python REPL místo do terminálu při spuštění. Zapnutím této možnosti se v místní nabídce změní chování inteligentního odesílání i spuštění výběru nebo řádku.","python.activeStateToolPath.description":"Cesta ke spustitelnému souboru State Tool pro moduly runtime ActiveState (verze 0.36+).","python.autoComplete.extraPaths.description":"Seznam cest ke knihovnám a podobně, které je třeba importovat modulem automatického dokončování Například při používání sady Google App SDK nejsou cesty v systémové cestě, takže je nutné je přidat do tohoto seznamu.","python.command.python.analysis.restartLanguageServer.title":"Restartovat jazykový server","python.command.python.clearCacheAndReload.title":"Vymazat okno Mezipaměti a Znovu načíst","python.command.python.clearWorkspaceInterpreter.title":"Vymazat nastavení interpretu pracovního prostoru","python.command.python.configureTests.title":"Nakonfigurovat testy","python.command.python.createEnvironment.title":"Vytvořit prostředí…","python.command.python.createNewFile.title":"Nový soubor Python","python.command.python.createTerminal.title":"Vytvořit terminál","python.command.python.execInDedicatedTerminal.title":"Spustit soubor Pythonu ve vyhrazeném terminálu","python.command.python.execInREPL.title":"Spustit výběr nebo řádek v nativním Python REPL","python.command.python.execInTerminal.title":"Spustit soubor Python v terminálu","python.command.python.execInTerminalIcon.title":"Spustit soubor Python","python.command.python.execSelectionInDjangoShell.title":"Spustit Výběr/Řádek v prostředí Django","python.command.python.execSelectionInTerminal.title":"Spustit Výběr/Řádek v terminálu Python","python.command.python.installJupyter.title":"Instalace rozšíření Jupyter","python.command.python.launchTensorBoard.title":"Spustit Tensorboard","python.command.python.refreshTensorBoard.title":"Aktualizovat TensorBoard","python.command.python.reportIssue.title":"Nahlásit problém","python.command.python.setInterpreter.title":"Vybrat interpreta","python.command.python.startNativeREPL.title":"Spustit nativní REPL Pythonu","python.command.python.startTerminalREPL.title":"Spustit REPL terminálu","python.command.python.viewLanguageServerOutput.title":"Zobrazit výstup jazykového serveru","python.command.python.viewOutput.title":"Zobrazit výstup","python.command.testing.rerunFailedTests.title":"Znovu spustit neúspěšné testy","python.condaPath.description":"Cesta ke spustitelnému souboru conda, které se má použít pro aktivaci (verze 4.4+).","python.createEnvironment.contentButton.description":"Umožňuje zobrazit nebo skrýt tlačítko Vytvořit prostředí v editoru pro soubor requirements.txt nebo jiné soubory závislostí.","python.createEnvironment.trigger.description":"Zjistěte, jestli je pro aktuální projekt vyžadováno vytvoření prostředí","python.debugger.deprecatedMessage":"Tato konfigurace bude brzy zastaralá. Pokud chcete použít nové rozšíření Python Debuggeru, nahraďte „python“ pomocí „debugpy“.","python.defaultInterpreterPath.description":"Cesta k výchozímu Pythonu, který se má použít při prvním načtení rozšíření, se už nepoužívá, jakmile se pro pracovní prostor vybere interpret. Informace o tom, kdy se používá, najdete [tady](https://aka.ms/AAfekmf).","python.editor.context.submenu.runPython":"Spuštění Pythonu","python.editor.context.submenu.runPythonInteractive":"Spuštění v okně Interactive","python.envFile.description":"Absolutní cesta k souboru, který obsahuje definice proměnných prostředí","python.experiments.All.description":"Kombinovaný seznam všech experimentů","python.experiments.enabled.description":"Povolí experimenty testů A/B v rozšíření Python. Pokud jsou povolené, můžete být zahrnuti do navrhovaných vylepšení a/nebo funkcí.","python.experiments.optInto.description":"Seznam experimentů, se kterými lze vyjádřit výslovný souhlas. Pokud je prázdný, uživatel se přiřadí k výchozím skupinám experimentů. Další podrobnosti najdete [tady](https://github.com/microsoft/vscode-python/wiki/AB-Experiments).","python.experiments.optOutFrom.description":"Seznam experimentů, se kterými lze vyjádřit výslovný nesouhlas. Pokud je prázdný, uživatel se přiřadí k výchozím skupinám experimentů. Další podrobnosti najdete [tady](https://github.com/microsoft/vscode-python/wiki/AB-Experiments).","python.experiments.pythonDiscoveryUsingWorkers.description":"Umožňuje použití pracovních vláken k provádění náročných výpočtů při zjišťování interpretů.","python.experiments.pythonPromptNewToolsExt.description":"Označuje experiment rozšíření Python Prompt New Tools Extension.","python.experiments.pythonRecommendTensorboardExt.description":"Označuje experiment s doporučením rozšíření Tensorboard.","python.experiments.pythonSurveyNotification.description":"Označuje experiment oznámení o průzkumu v Pythonu.","python.experiments.pythonTerminalEnvVarActivation.description":"Umožňuje místo odesílání aktivačních příkazů aktivovat terminály pomocí proměnných prostředí.","python.experiments.pythonTestAdapter.description":"Označuje experiment s testovacím adaptérem Python.","python.globalModuleInstallation.description":"Jestli se mají soubory Python instalovat globálně, když se nepoužívá prostředí.","python.interpreter.infoVisibility.always.description":"Vždy zobrazovat informace.","python.interpreter.infoVisibility.description":"Určuje, kdy se mají na stavovém řádku zobrazit informace o vybraném interpretu.","python.interpreter.infoVisibility.never.description":"Nikdy nezobrazovat informace.","python.interpreter.infoVisibility.onPythonRelated.description":"Informace se zobrazí pouze v případě, že jsou otevřeny soubory související s Pythonem.","python.languageServer.defaultDescription":"Automaticky vybrat jazykový server: Pylance, pokud je nainstalované a k dispozici. Pokud ne, použít Jedi.","python.languageServer.description":"Definuje typ jazykového serveru.","python.languageServer.jediDescription":"Jako jazykový server použít Jedi za protokolem Language Server Protocol (LSP).","python.languageServer.noneDescription":"Zakázat možnosti jazykového serveru.","python.languageServer.pylanceDescription":"Použít pylance jako jazykový server.","python.locator.description":"[Experimentální] Vyberte implementaci lokátorů prostředí. Toto je experimentální nastavení, zatímco testujeme umístění nativního prostředí.","python.logging.level.deprecation":"Toto nastavení je zastaralé. Pokud chcete nastavit úroveň protokolování, použijte prosím příkaz „Developer: Set Log Level...“.","python.logging.level.description":"Úroveň protokolování protokolů rozšíření se nastavuje na výchozí „chyba“","python.menu.createNewFile.title":"Soubor Python","python.missingPackage.severity.description":"Nastavení závažnosti chybějících balíčků v souboru requirements.txt nebo pyproject.toml","python.pipenvPath.description":"Cesta ke spustitelnému souboru pipenv, který se má použít pro aktivaci.","python.pixiToolPath.description":"Cesta ke spustitelnému souboru pixi.","python.poetryPath.description":"Cesta ke spustitelnému souboru typu poetry.","python.tensorBoard.logDirectory.deprecationMessage":"Podpora Tensorboardu se přesunula do rozšíření Tensorboard. Místo toho použijte nastavení tensorBoard.logDirectory.","python.tensorBoard.logDirectory.description":"Nastavte toto nastavení na vámi upřednostňovaný adresář protokolu TensorBoard, abyste při spouštění TensorBoard přeskočili výzvu adresáře protokolu¨.","python.tensorBoard.logDirectory.markdownDeprecationMessage":"Podpora Tensorboardu se přesunula do rozšíření [rozšíření Tensorboard](https://marketplace.visualstudio.com/items?itemName=ms-toolsai.tensorboard). Místo toho použijte nastavení tensorBoard.logDirectory.","python.terminal.activateEnvInCurrentTerminal.description":"Aktivovat Prostředí Python u aktuálního Terminálu při načtení Rozšíření.","python.terminal.activateEnvironment.description":"Aktivovat prostředí Pythonu ve všech vytvořených terminálech.","python.terminal.executeInFileDir.description":"Při provádění souboru v terminálu se určuje, jestli se má místo aktuální otevřené složky použít příkaz execute v adresáři souboru.","python.terminal.focusAfterLaunch.description":"Jestli se má kurzor při spouštění terminálu Pythonu umístit do terminálu.","python.terminal.launchArgs.description":"Argumenty spuštění Python, které se mají použít při spouštění souboru v terminálu.","python.terminal.shellIntegration.enabled.description":"Povolte [integraci prostředí](https://code.visualstudio.com/docs/terminal/shell-integration) pro terminály, na kterých běží Python. Integrace prostředí vylepšuje prostředí terminálu mimo jiné povolením dekorací příkazů, spuštěním posledního příkazu a vylepšením přístupnosti.","python.testing.autoTestDiscoverOnSaveEnabled.description":"Povolit zjišťování testů automatického spuštění při ukládání testovacího souboru.","python.testing.autoTestDiscoverOnSavePattern.description":"Vzor Glob, který se používá k určení souborů, které používá autoTestDiscoverOnSaveEnabled","python.testing.cwd.description":"Volitelný pracovní adresář pro testy.","python.testing.debugPort.description":"Číslo portu, který se používá pro ladění testů.","python.testing.promptToConfigure.description":"Výzva k nakonfigurování architektury testu, pokud dojde k odhalení potenciálních adresářů pro testování.","python.testing.pytestArgs.description":"Argumenty se přidaly. Každý argument je samostatnou položkou v poli.","python.testing.pytestEnabled.description":"Povolit testování pomocé pytest.","python.testing.pytestPath.description":"Cesta k testu pytest Úpravou tohoto nastavení tak, aby obsahovalo celou cestu, můžete použít vlastní verzi testu pytest.","python.testing.unittestArgs.description":"Argumenty se přidaly. Každý argument je samostatnou položkou v poli.","python.testing.unittestEnabled.description":"Povolit testování pomocí unittestu.","python.venvFolders.description":"Složky v domovském adresáři, ve kterých se mají hledat virtuální prostředí (ve výchozím nastavení podporují pyenv, direnv a virtualenvwrapper)","python.venvPath.description":"Cesta ke složce se seznamem Virtuálních prostředí (např. ~/.pyenv, ~/Envs, ~/.virtualenvs).","walkthrough.pythonDataScienceWelcome.description":"Toto jsou vaše první kroky k tomu, jak začít s projektem datových věd v Pythonu!","walkthrough.pythonDataScienceWelcome.title":"Začínáme s Pythonem pro datové vědy","walkthrough.pythonWelcome.description":"Toto jsou vaše první kroky k nastavení projektu Pythonu se všemi výkonnými nástroji a funkcemi, které rozšíření Python nabízí!","walkthrough.pythonWelcome.title":"Začínáme s vývojem v Pythonu","walkthrough.step.python.createEnvironment.altText":"Vytvoření prostředí Pythonu z palety příkazů.","walkthrough.step.python.createEnvironment.description":"Vytvořte prostředí pro svůj projekt Python nebo pomocí [Výběru interpreta Python](command:python.setInterpreter) vyberte některé z existujících.\n[Vytvořte prostředí](command:python.createEnvironment)\n**Tip**: Spusťte příkaz Python: Vytvořit prostředí na [paletě příkazů](command:workbench.action.showCommands).","walkthrough.step.python.createEnvironment.title":"Vyberte nebo vytvořte prostředí Python","walkthrough.step.python.createNewNotebook.altText":"Vytváří se nový poznámkový blok Jupyter.","walkthrough.step.python.createNewNotebook.description":"Klikněte pravým tlačítkem v Průzkumníkovi souborů a vytvořte nový soubor s příponou .ipynb. Nebo otevřete [paletu příkazů](command:workbench.action.showCommands) a spusťte příkaz: \n``Jupyter: Create New Blank Notebook``.\n[Vytvořit nový Jupyter Notebook](command:toSide:jupyter.createnewnotebook)\n Pokud máte existující projekt, můžete také [otevřít složku](command:workbench.action.files.openFolder) nebo klonovat projekt z GitHubu: [klonovat úložiště Git](command:git.clone).","walkthrough.step.python.createNewNotebook.title":"Vytvořit nebo otevřít Jupyter Notebook","walkthrough.step.python.createPythonFile.altText":"Umožňuje otevřít soubor Pythonu nebo složku s projektem Pythonu.","walkthrough.step.python.createPythonFile.description":"[Otevřete](command:toSide:workbench.action.files.openFile) nebo [vytvořte](command:toSide:workbench.action.files.newUntitledFile?%7B%22languageId%22%3A%22python%22%7D) soubor Pythonu. Nezapomeňte ho uložit s příponou .py. \n[Vytvořit soubor Pythonu](command:toSide:workbench.action.files.newUntitledFile?%7B%22languageId%22%3A%22python%22%7D)","walkthrough.step.python.createPythonFile.title":"Vytvoření souboru Pythonu","walkthrough.step.python.createPythonFolder.description":"[Otevřete](command:workbench.action.files.openFolder) nebo vytvořte složku projektu.\n[Otevřít složku projektu](command:workbench.action.files.openFolder)","walkthrough.step.python.createPythonFolder.title":"Otevření složky projektu Python","walkthrough.step.python.dataScienceLearnMore.altText":"Obrázek představující naši stránku dokumentace a zdroje pro seznam adresátů.","walkthrough.step.python.dataScienceLearnMore.description":"📒 Podívejte se do [rozšíření Jupyter](command:workbench.extensions.search?\"ms-toolsai.jupyter\") vyhledáním položky „Jupyter“ z [palety příkazů](command:workbench.action.showCommands). \n 🏃🏻 Další funkce najdete v našich [kurzech](https://aka.ms/AAdjzpd).  \n[Další informace](https://aka.ms/AAdar6q)","walkthrough.step.python.dataScienceLearnMore.title":"Podívejte se na další informace!","walkthrough.step.python.installJupyterExt.altText":"Vytváří se nový poznámkový blok Jupyter.","walkthrough.step.python.installJupyterExt.description":"Pokud jste to ještě neudělali, nainstalujte si [rozšíření Jupyter](command:workbench.extensions.search?\"ms-toolsai.jupyter\") a využijte všechny možnosti poznámkových bloků ve VS Code!\n \n[Vyhledat rozšíření Jupyter](command:workbench.extensions.search?\"ms-toolsai.jupyter\")","walkthrough.step.python.installJupyterExt.title":"Instalace rozšíření Jupyter","walkthrough.step.python.installPythonLinux.description":"Rozšíření Pythonu vyžaduje, aby byl nainstalovaný Python. Nainstalujte si Python 3 prostřednictvím terminálu.\n[Nainstalovat Python přes terminál](command:python.installPythonOnLinux)\n","walkthrough.step.python.installPythonLinux.title":"Instalace Pythonu","walkthrough.step.python.installPythonMac.description":"Rozšíření Pythonu vyžaduje, aby byl nainstalovaný Python. Nainstalujte si Python 3 prostřednictvím terminálu.\n[Nainstalovat Python přes Brew](command:python.installPythonOnMac)\n","walkthrough.step.python.installPythonMac.title":"Instalace Pythonu","walkthrough.step.python.installPythonWin8.description":"Rozšíření Pythonu vyžaduje, aby byl nainstalovaný Python. Nainstalujte si Python [z python.org](https://www.python.org/downloads).\n\n[Nainstalovat Python](https://www.python.org/downloads)\n","walkthrough.step.python.installPythonWin8.title":"Instalace Pythonu","walkthrough.step.python.learnMoreWithDS.altText":"Obrázek představující naši stránku dokumentace a zdroje pro seznam adresátů.","walkthrough.step.python.learnMoreWithDS.description":"🎨 Objevte všechny funkce, které rozšíření Python nabízí, vyhledáním termínu „Python“ na [Paletě příkazů](command:workbench.action.showCommands). \n 📈 Další informace o tom, jak začít pracovat s [datovými vědami](command:workbench.action.openWalkthrough?%7B%22category%22%3A%22ms-python.python%23pythonDataScienceWelcome%22%2C%22step%22%3A%22ms-python.python%23python.createNewNotebook%22%7D) v Pythonu. \n ✨ Další informace o nejnovějších funkcích najdete v [poznámkách k verzi](https://aka.ms/AA8dxtb). \n \n[Sledujte kurz Python](https://aka.ms/AA8dqti)","walkthrough.step.python.learnMoreWithDS.title":"Objevujte dál!","walkthrough.step.python.openInteractiveWindow.altText":"Otevření okna Interactive pro Python","walkthrough.step.python.openInteractiveWindow.description":"Okno Interactive pro Python je prostředí Pythonu, kde můžete provádět a zobrazovat výsledky kódu Pythonu. Buňky v souboru Pythonu můžete vytvořit zadáním „#%%“.\n \nPokud chcete kdykoliv otevřít okno Interactive, otevřete [paletě příkazů](command:workbench.action.showCommands) a spusťte příkaz. \n``Jupyter: Create Interactive Window``.\n[Otevřít okno Interactive](command:jupyter.createnewinteractive)","walkthrough.step.python.openInteractiveWindow.title":"Otevření okna Interactive pro Python","walkthrough.step.python.runAndDebug.altText":"Jak spouštět a ladit ve VS Code pomocí tlačítka F5 nebo tlačítka Přehrát vpravo nahoře","walkthrough.step.python.runAndDebug.description":"Otevřete soubor Pythonu a klikněte na tlačítko Přehrát v pravém horním rohu editoru nebo stiskněte F5, když se nacházíte na souboru, a vyberte položku Soubor Pythonu, aby se daný soubor spustil s ladicím programem. \n  \n[Další informace](https://code.visualstudio.com/docs/python/python-tutorial#_run-hello-world)","walkthrough.step.python.runAndDebug.title":"Spuštění a ladění souboru Pythonu","walkthrough.step.python.selectInterpreter.altText":"Výběr interpretu Pythonu ze stavového řádku","walkthrough.step.python.selectInterpreter.title":"Vyberte interpret Pythonu"}
