{"python.EnableREPLSmartSend.description":"Activer/désactiver Smart Send pour Python REPL. Smart Send permet d’envoyer le plus petit bloc de code exécutable au REPL sur Maj+Entrée et déplace le curseur en conséquence.","python.REPL.provideVariables.description":"Activer/désactiver la fourniture de variables pour la vue de variable REPL native.","python.REPL.sendToNativeREPL.description":"Basculez pour envoyer du code à Python REPL au lieu du terminal lors de l’exécution. L'activation de cette option modifie le comportement de Smart Send et Run Selection/Line dans le menu contextuel.","python.activeStateToolPath.description":"Chemin d’accès de l’exécutable State Tool pour les runtimes ActiveState (version 0.36+).","python.autoComplete.extraPaths.description":"Liste des chemins d'accès aux bibliothèques et autres qui doivent être importés par le moteur auto complete. Par exemple, lorsque vous utilisez Google App SDK, les chemins ne sont pas dans le chemin du système, et doivent donc être ajoutés à cette liste.","python.command.python.analysis.restartLanguageServer.title":"Redémarrer le serveur de langue","python.command.python.clearCacheAndReload.title":"Effacer le cache et recharger la fenêtre","python.command.python.clearWorkspaceInterpreter.title":"Effacer le paramètre de l’interpréteur d’espace de travail","python.command.python.configureTests.title":"Configurer les tests","python.command.python.createEnvironment.title":"Créer un environnement...","python.command.python.createNewFile.title":"Nouveau fichier Python","python.command.python.createTerminal.title":"Créer un terminal","python.command.python.execInDedicatedTerminal.title":"Exécuter le fichier Python dans un terminal dédié","python.command.python.execInREPL.title":"Exécuter la sélection/la ligne dans la bibliothèque REPL Python native","python.command.python.execInTerminal.title":"Exécuter le fichier Python dans le terminal","python.command.python.execInTerminalIcon.title":"Exécuter le fichier Python","python.command.python.execSelectionInDjangoShell.title":"Exécuter la sélection/la ligne dans l’interpréteur de commandes Django","python.command.python.execSelectionInTerminal.title":"Exécuter la sélection/la ligne dans le terminal Python","python.command.python.installJupyter.title":"Installer l'extension Jupyter","python.command.python.launchTensorBoard.title":"Lancer Tensorboard","python.command.python.refreshTensorBoard.title":"Actualiser TensorBoard","python.command.python.reportIssue.title":"Signaler un problème...","python.command.python.setInterpreter.title":"Sélectionner un interpréteur","python.command.python.startNativeREPL.title":"Démarrer le REPL de Python natif","python.command.python.startTerminalREPL.title":"Démarrer de REPL de terminal","python.command.python.viewLanguageServerOutput.title":"Afficher la sortie du serveur de langage","python.command.python.viewOutput.title":"Afficher la sortie","python.command.testing.rerunFailedTests.title":"Réexécuter les tests non réussis","python.condaPath.description":"Chemin de l’exécutable conda à utiliser pour l’activation (version 4.4+)","python.createEnvironment.contentButton.description":"Afficher ou masquer le bouton Créer un environnement dans l’éditeur pour « requirements.txt » ou d’autres fichiers de dépendance.","python.createEnvironment.trigger.description":"Détecter si la création d'un environnement est requise pour le projet en cours","python.debugger.deprecatedMessage":"Cette configuration sera bientôt obsolète. Veuillez remplacer `python` par `debugpy` pour utiliser la nouvelle extension Python Debugger.","python.defaultInterpreterPath.description":"Chemin d’accès vers le Python par défaut à utiliser lorsque l’extension se charge pour la première fois, il n’est plus utilisé une fois qu’un interpréteur est sélectionné pour l’espace de travail. Voir [ici](https://aka.ms/AAfekmf) pour comprendre quand ceci est utilisé","python.editor.context.submenu.runPython":"Exécuter Python","python.editor.context.submenu.runPythonInteractive":"Exécuter dans la Fenêtre interactive","python.envFile.description":"Chemin absolu d'un fichier contenant des définitions de variables d'environnement.","python.experiments.All.description":"Liste combinée de toutes les expériences.","python.experiments.enabled.description":"Active les essais de tests A/B dans l’extension Python. Si cette option est activée, vous pouvez être inclus dans les améliorations et/ou fonctionnalités proposées.","python.experiments.optInto.description":"Liste des expériences à accepter. Si elle est vide, l'utilisateur se voit attribuer les groupes d'expériences par défaut. Pour plus d’informations, consultez [ici](https://github.com/microsoft/vscode-python/wiki/AB-Experiments).","python.experiments.optOutFrom.description":"Liste des expériences à refuser. Si elle est vide, l'utilisateur se voit attribuer les groupes d'expériences par défaut. Pour plus d’informations, consultez [ici](https://github.com/microsoft/vscode-python/wiki/AB-Experiments).","python.experiments.pythonDiscoveryUsingWorkers.description":"Permet d’utiliser des threads de travail pour effectuer des calculs lourds lors de la découverte d’interpréteurs.","python.experiments.pythonPromptNewToolsExt.description":"Indique l’expérience Python Prompt New Tools Extension.","python.experiments.pythonRecommendTensorboardExt.description":"Désigne l’expérience de recommandation de l’extension Tensorboard.","python.experiments.pythonSurveyNotification.description":"Indique l’expérience de notification d’enquête Python.","python.experiments.pythonTerminalEnvVarActivation.description":"Permet d’utiliser des variables d’environnement pour activer des terminaux au lieu d’envoyer des commandes d’activation.","python.experiments.pythonTestAdapter.description":"Désigne l'expérience Python Test Adapter.","python.globalModuleInstallation.description":"Indique si les modules Python doivent être installés globalement en l’absence d’un environnement.","python.interpreter.infoVisibility.always.description":"Toujours afficher des informations","python.interpreter.infoVisibility.description":"Contrôle quand afficher les informations de l’interpréteur sélectionné dans la barre d’état.","python.interpreter.infoVisibility.never.description":"Ne jamais afficher des informations","python.interpreter.infoVisibility.onPythonRelated.description":"Affichez les informations uniquement si des fichiers liés à Python sont ouverts.","python.languageServer.defaultDescription":"Sélectionnez automatiquement un serveur de langue : Pylance si installé et disponible, sinon basculez vers Jedi.","python.languageServer.description":"Définit le type du serveur de langage.","python.languageServer.jediDescription":"Utilisez le Jedi derrière le protocole LSP (Language Server Protocol) comme serveur de langage.","python.languageServer.noneDescription":"Désactivez les fonctionnalités du serveur de langage.","python.languageServer.pylanceDescription":"Utilisez Pylance comme serveur de langage.","python.locator.description":"[Experimental] Sélectionnez l’implémentation des localisateurs d’environnement. Il s’agit d’un paramètre expérimental pendant que nous testons l’emplacement de l’environnement natif.","python.logging.level.deprecation":"Ce paramètre est déconseillé. Utilisez la commande « Développeur : Définir le niveau de journalisation... » pour définir le niveau de journalisation.","python.logging.level.description":"Niveau de journalisation auquel les journaux d’extension sont situés. La valeur par défaut est « error »","python.menu.createNewFile.title":"Fichier Python","python.missingPackage.severity.description":"Définir la gravité des packages manquants dans requirements.txt ou pyproject.toml","python.pipenvPath.description":"Chemin de l’exécutable pipenv à utiliser pour l’activation","python.pixiToolPath.description":"Chemin de l’exécutable pixi.","python.poetryPath.description":"Chemin de l’exécutable de l’exécutable de l’exécutable","python.tensorBoard.logDirectory.deprecationMessage":"La prise en charge de Tensorboard a été déplacée vers l’extension Tensorboard. Utilisez plutôt le paramètre « tensorBoard.logDirectory ».","python.tensorBoard.logDirectory.description":"Définissez ce paramètre sur votre répertoire de journal TensorBoard préféré pour ignorer l’invite de répertoire de journal lors du démarrage de TensorBoard.","python.tensorBoard.logDirectory.markdownDeprecationMessage":"La prise en charge de Tensorboard a été déplacée vers l’extension [Extension Tensorboard](https://marketplace.visualstudio.com/items?itemName=ms-toolsai.tensorboard). Utilisez plutôt le paramètre « tensorBoard.logDirectory ».","python.terminal.activateEnvInCurrentTerminal.description":"Activez l’environnement Python dans le terminal actuel lors du chargement de l’extension.","python.terminal.activateEnvironment.description":"Activez l’environnement Python dans tous les terminaux créés.","python.terminal.executeInFileDir.description":"Lors de l’exécution d’un fichier dans le terminal, indique s’il faut l’utiliser dans le répertoire du fichier, au lieu du dossier actuellement ouvert.","python.terminal.focusAfterLaunch.description":"Lors du lancement d’un terminal Python, indique s’il faut concentrer le curseur sur le terminal.","python.terminal.launchArgs.description":"Arguments de lancement Python à utiliser lors de l’exécution d’un fichier dans le terminal","python.terminal.shellIntegration.enabled.description":"Activez [l'intégration shell](https://code.visualstudio.com/docs/terminal/shell-integration) pour les terminaux exécutant Python. L'intégration du shell améliore l'expérience du terminal en permettant les décorations de commandes, l'exécution de commandes récentes, l'amélioration de l'accessibilité, entre autres.","python.testing.autoTestDiscoverOnSaveEnabled.description":"Activez la découverte de test d’exécution automatique lors de l’enregistrement d’un fichier de test.","python.testing.autoTestDiscoverOnSavePattern.description":"Modèle Glob utilisé pour déterminer quels fichiers sont utilisés par autoTestDiscoverOnSaveEnabled.","python.testing.cwd.description":"Répertoire de travail facultatif pour les tests","python.testing.debugPort.description":"Numéro de port utilisé pour le débogage des tests","python.testing.promptToConfigure.description":"Invitez à configurer une infrastructure de tests si des répertoires de tests potentiels sont découverts.","python.testing.pytestArgs.description":"Arguments passés. Chaque argument est un élément distinct dans le tableau.","python.testing.pytestEnabled.description":"Activez les tests à l’aide de pytest.","python.testing.pytestPath.description":"Chemin d’accès à pytest. Vous pouvez utiliser une version personnalisée de pytest en modifiant ce paramètre pour inclure le chemin d’accès complet.","python.testing.unittestArgs.description":"Arguments passés. Chaque argument est un élément distinct dans le tableau.","python.testing.unittestEnabled.description":"Activez les tests à l’aide d’unittest.","python.venvFolders.description":"Dossiers de votre répertoire de base dans lesquels rechercher des environnements virtuels (prend en charge pyenv, direnv et virtualenvwrapper par défaut).","python.venvPath.description":"Chemin du dossier avec une liste d’environnements virtuels (par exemple ~/.pyenv, ~/Envs, ~/.virtualenvs).","walkthrough.pythonDataScienceWelcome.description":"Vos premiers pas pour démarrer un projet Science des données avec Python !","walkthrough.pythonDataScienceWelcome.title":"Premiers pas avec Python pour la Science des données","walkthrough.pythonWelcome.description":"Vos premiers pas pour configurer un projet Python avec tous les outils et fonctionnalités puissants que l'extension Python a à offrir !","walkthrough.pythonWelcome.title":"Démarrer avec le développement Python","walkthrough.step.python.createEnvironment.altText":"Création d'un environnement Python à partir de la palette de commandes","walkthrough.step.python.createEnvironment.description":"Créez un environnement pour votre projet Python ou utilisez [Select Python Interpreter](command:python.setInterpreter) pour en sélectionner un existant.\n[Create Environment](command:python.createEnvironment)\n**Astuce** : Exécutez la commande `Python: Create Environment`` dans la [Command Palette](command:workbench.action.showCommands).","walkthrough.step.python.createEnvironment.title":"Sélectionnez ou créez un environnement Python","walkthrough.step.python.createNewNotebook.altText":"Création d'un nouveau bloc-notes Jupyter","walkthrough.step.python.createNewNotebook.description":"Faites un clic droit dans l'explorateur de fichiers et créez un nouveau fichier avec une extension .ipynb. Ou ouvrez la [Palette de commandes](command:workbench.action.showCommands) et exécutez la commande\n``Jupyter : créer un nouveau bloc-notes vierge``.\n[Créer un nouveau bloc-notes Jupyter] (commande:toSide:jupyter.createnewnotebook)\n Si vous avez un projet existant, vous pouvez également [ouvrir un dossier](commande :workbench.action.files.openFolder) et/ou cloner un projet depuis GitHub : [cloner un référentiel Git](commande:git.clone).","walkthrough.step.python.createNewNotebook.title":"Créer ou ouvrir un Jupyter Notebook","walkthrough.step.python.createPythonFile.altText":"Ouvrez un fichier Python ou un dossier avec un projet Python.","walkthrough.step.python.createPythonFile.description":"[Ouvrir](command:toSide:workbench.action.files.openFile) ou [create](command:toSide:workbench.action.files.newUntitledFile?%7B%22languageId%22%3A%22python%22%7D) un Python fichier – assurez-vous de l'enregistrer sous \".py\".\n[Créer un fichier Python](command:toSide:workbench.action.files.newUntitledFile?%7B%22languageId%22%3A%22python%22%7D)","walkthrough.step.python.createPythonFile.title":"Créer un fichier Python","walkthrough.step.python.createPythonFolder.description":"[Ouvrir](command:workbench.action.files.openFolder) ou créez un dossier de projet.\n [Ouvrir le dossier du projet](command:workbench.action.files.openFolder)","walkthrough.step.python.createPythonFolder.title":"Ouvrir un dossier de projet Python","walkthrough.step.python.dataScienceLearnMore.altText":"Image représentant notre page de documentation et nos ressources de liste de diffusion.","walkthrough.step.python.dataScienceLearnMore.description":"📒 Jetez un œil aux fonctionnalités de l'[extension Jupyter](command:workbench.extensions.search?\"ms-toolsai.jupyter\"), en recherchant \"Jupyter\" dans la [Palette de commandes](command:workbench.action.showCommands) .\n  🏃🏻 Découvrez plus de fonctionnalités dans nos [Tutoriels](https://aka.ms/AAdjzpd).\n[En savoir plus](https://aka.ms/AAdar6q)","walkthrough.step.python.dataScienceLearnMore.title":"En savoir plus !","walkthrough.step.python.installJupyterExt.altText":"Création d'un nouveau bloc-notes Jupyter","walkthrough.step.python.installJupyterExt.description":"Si vous ne l'avez pas déjà fait, installez l'[extension Jupyter](command:workbench.extensions.search?\"ms-toolsai.jupyter\") pour profiter pleinement des expériences des notebooks dans VS Code !\n \n[Rechercher l'extension Jupyter](command:workbench.extensions.search?\"ms-toolsai.jupyter\")","walkthrough.step.python.installJupyterExt.title":"Installer l'extension Jupyter","walkthrough.step.python.installPythonLinux.description":"L'extension Python nécessite l'installation de Python. Installez Python 3 via le terminal.\n[Installer Python via le terminal](command:python.installPythonOnLinux)\n","walkthrough.step.python.installPythonLinux.title":"Installer Python","walkthrough.step.python.installPythonMac.description":"L'extension Python nécessite l'installation de Python. Installez Python 3 via le terminal.\n[Installer Python via Brew](command:python.installPythonOnMac)\n","walkthrough.step.python.installPythonMac.title":"Installer Python","walkthrough.step.python.installPythonWin8.description":"L'extension Python nécessite l'installation de Python. Installer Python [de python.org](https://www.python.org/downloads).\n\n[Installer Python](https://www.python.org/downloads)\n","walkthrough.step.python.installPythonWin8.title":"Installer Python","walkthrough.step.python.learnMoreWithDS.altText":"Image représentant notre page de documentation et nos ressources de liste de diffusion.","walkthrough.step.python.learnMoreWithDS.description":"🎨 Explorez toutes les fonctionnalités que l'extension Python a à offrir en recherchant « Python » dans la [Command Palette](command:workbench.action.showCommands). \n 📈 En savoir plus sur la prise en main de la [data science](command:workbench.action.openWalkthrough?%7B%22category%22%3A%22ms-python.python%23pythonDataScienceWelcome%22%2C%22step%22%3A%22ms-python.python%23python.createNewNotebook%22%7D) en Python. \n ✨ Jetez un œil à nos [Release Notes](https://aka.ms/AA8dxtb) pour en savoir plus sur les dernières fonctionnalités. \n \n[Suivez le didacticiel Python](https://aka.ms/AA8dqti)","walkthrough.step.python.learnMoreWithDS.title":"Continuez à explorer !","walkthrough.step.python.openInteractiveWindow.altText":"Ouverture de la fenêtre interactive Python","walkthrough.step.python.openInteractiveWindow.description":"La fenêtre interactive Python est un shell Python dans lequel vous pouvez exécuter et afficher les résultats de votre code Python. Vous pouvez créer des cellules sur un fichier Python en tapant ``#%%``.\n \nPour ouvrir la fenêtre interactive à tout moment, ouvrez la [Palette de commandes](command:workbench.action.showCommands) et exécutez la commande\n``Jupyter : créer une fenêtre interactive``.\n[Ouvrir la fenêtre interactive] (commande : jupyter.createnewinteractive)","walkthrough.step.python.openInteractiveWindow.title":"Ouvrir la fenêtre interactive Python","walkthrough.step.python.runAndDebug.altText":"Comment exécuter et déboguer dans VS Code avec F5 ou le bouton de lecture en haut à droite.","walkthrough.step.python.runAndDebug.description":"Ouvrez votre fichier Python et cliquez sur le bouton de lecture en haut à droite de l'éditeur, ou appuyez sur F5 lorsque vous êtes sur le fichier et sélectionnez \"Fichier Python\" pour exécuter avec le débogueur.\n  \n[En savoir plus](https://code.visualstudio.com/docs/python/python-tutorial#_run-hello-world)","walkthrough.step.python.runAndDebug.title":"Exécutez et déboguez votre fichier Python","walkthrough.step.python.selectInterpreter.altText":"Sélection d'un interpréteur Python dans la barre d'état","walkthrough.step.python.selectInterpreter.title":"Sélectionnez un interpréteur Python"}
